resid,CA,N,HN
401,61.768,116.006,8.227
402,62.12,122.95,8.437
403,56.83,121.548,8.326
404,54.571,121.138,8.209
405,56.659,121.142,8.048
406,61.339,119.542,8.344
407,58.491,123.17,8.268
408,55.956,125.188,8.204
409,52.475,118.973,8.068
410,62.059,112.374,8.254
412,63.207,121.055,8.45
413,56.371,121.366,8.334
414,55.875,125.124,8.315
415,52.615,119.686,8.308
416,55.83,120.992,8.12
417,62.313,118.752,8.243
418,58.077,122.305,8.207
419,57.59,123.057,8.118
420,55.162,119.385,8.238
421,56.017,110.01,8.321
422,45.392,120.632,8.348
423,54.408,120.709,8.408
424,55.996,116.946,8.39
425,59.004,122.302,8.473
426,57.005,118.537,8.277
427,53.429,120.566,8.171
428,56.231,124.4,8.175
430,63.174,121.651,8.398
431,55.94,123.678,8.353
432,55.152,109.95,8.501
433,45.372,108.796,8.325
435,56.65,121.419,8.53
436,56.716,121.937,8.302
437,54.34,122.078,8.319
438,56.4,121.367,8.278
439,56.754,120.708,8.047
440,62.603,124.901,8.333
444,56.507,109.702,8.397
445,45.346,120.711,8.272
446,56.449,125.185,8.349
447,52.592,120.376,8.297
448,56.246,121.625,8.468
449,56.837,116.399,8.257
450,58.465,122.234,8.139
451,58.121,123.085,8.003
452,55.808,122.271,8.379
453,56.611,114.487,8.183
454,61.674,111.294,8.276
456,63.204,116.205,8.423
457,58.416,123.148,8.384
458,55.914,125.306,8.373
459,52.953,114.599,8.274
460,58.726,122.311,8.195
461,54.338,124.542,8.175
462,53.044,119.341,8.202
463,56.376,124.213,8.091
464,52.529,122.513,8.099
465,52.609,117.609,8.166
466,55.579,124.761,8.095
468,63.2,113.902,8.229
469,61.994,111.296,8.412
470,45.176,116.647,8.08
472,63.28,121.865,8.246
473,55.17,121.069,8.25
474,54.248,119.894,7.918
475,61.208,123.893,8.388
476,54.425,114.991,8.083
477,62.222,126.209,8.283
478,52.911,114.935,8.186
479,58.61,122.704,8.404
480,56.908,116.337,8.306
481,58.427,117.735,8.29
482,58.463,121.787,8.317
483,55.545,123.355,8.406
485,63.809,118.977,8.569
486,56.354,120.835,8.165
487,54.879,117.071,8.29
488,59.469,122.368,8.238
489,57.037,120.501,8.124
490,56.851,116.623,8.236
491,59.126,125.624,8.37
492,54.053,118.495,8.238
493,55.85,123.33,7.993
494,54.319,118.995,7.938
495,56.79,120.565,7.841
496,56.78,119.79,7.924
497,57.704,120.916,7.9
498,56.549,119.427,8.14
499,57.014,123.23,8.044
500,53.268,118.099,8.025
501,55.825,123.962,8.024
502,52.957,107.765,8.254
503,45.404,119.749,7.88
504,61.097,119.752,8.384
505,58.241,123.168,8.493
506,56.718,121.622,8.406
507,56.718,121.622,8.406
508,55.991,110.358,8.461
509,45.304,115.489,8.277
510,58.217,122.492,8.525
511,54.523,113.199,8.049
512,61.777,122.818,8.306
513,54.422,117.208,8.066
515,63.122,122.097,8.193
516,61.149,124.934,8.071
517,61.76,125.203,8.383
518,57.834,121.168,8.378
519,53.066,120.847,8.271
520,54.411,120.79,8.183
521,56.33,119.179,8.44
522,53.522,121.904,8.079
523,55.327,122.212,8.089
524,54.921,126.21,7.751
